"First name","Last name","Location","LinkedIn","Personal Email","Personal Email Verification","Work Email","Work Email Verification","Phone Numbers","GitHub","Current Title","Current Org Name","Education"
"Walton","Seymour","Brooklyn New York United States","https://linkedin.com/in/waltonseymour","walton.l.seymour@gmail.com","Deliverable","walton.seymour@vanta.com","Risky","+13476333580","https://github.com/waltonseymour","Senior Software Engineer","Vanta","Vanderbilt University, Packer Collegiate Institute, The Packer Collegiate Institute"
"Carlos","Gonzalez","San Francisco California United States","https://linkedin.com/in/carlosgonzalez18","carlosmgee@gmail.com","Deliverable","","","","","Software Engineer","Zip","Rice University, Flintridge Preparatory School"
"Waverly","Hsiao","San Francisco California United States","https://linkedin.com/in/waverly-hsiao-264818189","","","williamhsiao@openraven.com","Undeliverable","","","Software Engineer","Open Raven","Ucla"
"Chuanqi","Shen","Stanford California United States","https://linkedin.com/in/chuanqi-shen-81a32646","scq1993@gmail.com","Deliverable","cshen@waymo.com","Risky","","","Senior Software Engineer","Waymo","Stanford University"
"Xiaohui","Zhou","Mountain View California United States","https://linkedin.com/in/xiaohui-zhou-6bb3935b","samuelzhou1981@hotmail.com","Unknown","","","+13106307693","","Software Engineer","Zip","Ucla, North Carolina State University, Harbin Institute of Technology, Harbin Institute of Technology, Jinling High School, Jinling High School, Nanjing, China"
"Jaina","LE","Redwood City California United States","https://linkedin.com/in/jaina-le-58723a43","tainale@gmail.com","Deliverable","","","+12068536900","","Senior Software Engineer","Niantic Inc.","University of Waterloo, University of Toronto Schools"
"Dylan","Jew","Saratoga California United States","https://linkedin.com/in/dylanjew","dylanjew@gmail.com","Deliverable","dylan@oliver.space","Risky","+14089638193","","Senior Software Engineer","Oliver Space","Washington University in ST. Louis, Saratoga High School"
"Rishab","Kedia","New York New York United States","https://linkedin.com/in/rishab-kedia","rishabkedia@gmail.com","Deliverable","rkedia@plaid.com","Deliverable","+14085904427","","Senior Software Engineer","Plaid","University of California, Berkeley"
"Joe","Huang","Berkeley California United States","https://linkedin.com/in/joe-huang-33225b104","happyjoe2008@gmail.com","Deliverable","","","","","Software Engineer","Pavilion","Vanderbilt University, University of Oregon, South Eugene High School, Eugene, OR"
"Alican","Mutus","New York New York United States","https://linkedin.com/in/alicanmutus","almutus@gmail.com","Deliverable","","","","https://github.com/acmutus","Senior Software Engineer","Fero Labs","University of Pennsylvania"
"Rahul","Sridhar","San Jose California United States","https://linkedin.com/in/fortenforge","sridharrahul@gmail.com","Deliverable","","","+14084767861","","Software Engineer","Codeium","Massachusetts Institute of Technology, Massachusetts Institute of Technology, The Harker School, Harker School"
"Cedric","Nixon","San Francisco California United States","https://linkedin.com/in/cedric-nixon","cednix@gmail.com","Deliverable","cnixon@plaid.com","Deliverable","+16145700514","","Software Engineer","Plaid","University of California, Berkeley"
"Mengchen","Tang","Mountain View California United States","https://linkedin.com/in/maggiemengchentang","maggie15tt@gmail.com","Deliverable","mengchen.tang@waymo.com","Risky","+12818183673","","Senior Software Engineer","Waymo","Rice University, Rice University, Chengdu No.7 High School"
"Anirudh","Veeraragavan","New York New York United States","https://linkedin.com/in/aniveera1","aniveera1@gmail.com","Deliverable","aveeraragavan@plaid.com","Deliverable","+15103045033","","Security Software Engineer","Plaid","Ucla, Ucla, Washington High School"
"Shivansh","Inamdar","San Francisco California United States","https://linkedin.com/in/shivanshinamdar","shivanshinamdar@gmail.com","Deliverable","shivansh@nimble.ai","Deliverable","","","Software Engineer","Nimble","University of Pennsylvania, The Emerald Heights International School"
"Dan","Thompson","Brooklyn New York United States","https://linkedin.com/in/danrthompson","danielrthompsonjr@gmail.com","Deliverable","dan.thompson@beeswax.com","Risky","+18142887620","https://github.com/drowningcat","Senior Software Engineer","Beeswax (Acquired by Comcast)","Stanford University, Stanford University, ST. Paul's School"
"Kevin","Wong","Danville California United States","https://linkedin.com/in/kevin-g-wong","wong_kev@hotmail.com","Deliverable","kevin.wong@sisense.com","Risky","","","Software Engineer","Sisense","Ucla"
"Phillip","Godzin","New York New York United States","https://linkedin.com/in/pgodzin","pgodzin@optonline.net","Undeliverable","pgodzin@jwplayer.com","Risky","+17188876894","https://github.com/pgodzin","Staff Software Engineer","JW Player","Columbia University, Stuyvesant High School"
"Gauthier","Dieppedalle","Mountain View California United States","https://linkedin.com/in/dieppedalle","gauthierdieppedalle@gmail.com","Deliverable","gdieppedalle@waymo.com","Risky","","","Senior Software Engineer","Waymo","University of California, Berkeley, University of California, Berkeley, UC Santa Barbara, Lycée Français DE San Francisco"
"Chaitanya","Asawa","San Francisco California United States","https://linkedin.com/in/casawa","casawa@gmail.com","Deliverable","chaitanya@glean.com","Deliverable","+16096726142","https://github.com/casawa","Founding Engineer Engineering Manager","Glean","Stanford University Graduate School of Business, Stanford University, Princeton University, West Windsor - Plainsboro High School South"
"Rylan","Owens","San Francisco California United States","https://linkedin.com/in/rylanowens","towens2727@gmail.com","Deliverable","rylan@novacredit.com","Deliverable","+16309911586","https://github.com/towens2727","Software Engineer","Nova Credit","Dartmouth College, Hinsdale Central High School"
"Amy","Zheng","Brooklyn New York United States","https://linkedin.com/in/amy-zheng-57b865105","amyz8211@gmail.com","Deliverable","amy.zheng@saphyre.com","Risky","","","Software Engineer","Saphyre","Yale University"
"Jordan","Burton","Warwick New York United States","https://linkedin.com/in/jordieburton","neonfire3@hotmail.com","Deliverable","jordan@eliseai.com","Risky","+18455440866","","Software Engineer","Eliseai","Duke University, Warwick Valley High School"
"Kelvin","Jin","Mountain View California United States","https://linkedin.com/in/kelvinjin","kjin000@gmail.com","Deliverable","kelvin.jin@waymo.com","Risky","","","Software Engineer","Waymo","Cornell University, Cornell University, Rensselaer Polytechnic Institute"
"Jakub","Tucholski","New York New York United States","https://linkedin.com/in/jakubtuchol","jtucholski00@gmail.com","Deliverable","","","+12059076478","https://github.com/jakubtuchol","Software Engineer","Modular","University of Chicago, Tsinghua University, Alabama School of Fine Arts, Tsinghua University, University of Chicago"
"Lewin","Gan","San Francisco California United States","https://linkedin.com/in/lg5293","lewingan1@gmail.com","Deliverable","lewin.gan@forethought.com.au","Risky","+14153122182","https://github.com/lewin","Staff Software Engineer","Forethought","University of California, Berkeley"
"Walter","Wu","Berkeley California United States","https://linkedin.com/in/walter-wu-350b07117","walterwu3@gmail.com","Deliverable","","","+15105080451","https://github.com/walterwu","Software Engineer","Ghost Autonomy","University of California, Berkeley"
"Sophie","Gershon","New York New York United States","https://linkedin.com/in/sophie-gershon-8b0689113","sophgersh@gmail.com","Deliverable","sophie@datavant.com","Risky","+16462383811","","Software Engineer","Datavant","Massachusetts Institute of Technology, Stuyvesant High School"
"Vinay","Sriram","San Francisco California United States","https://linkedin.com/in/vinay-sriram","vsriram25@gmail.com","Deliverable","","","","https://github.com/vinaysriram","Software Engineer","Clockwork Systems Inc.","Stanford University, Stanford University, Poolesville High School"
"Albert","","San Francisco California United States","https://linkedin.com/in/albertli88","albertli88@gmail.com","Deliverable","","","","","Software Engineer 2","Ironclad","Ucla"
"Sergio","Macias","Berkeley California United States","https://linkedin.com/in/samacias","sergioam1992@gmail.com","Deliverable","","","+16613888664","","Senior Software Engineer","Fleetsmith","University of California, Berkeley"
"Scott","Wu","San Francisco California United States","https://linkedin.com/in/scswu","me@scwu.io","Deliverable","scott@compoundeye.com","Deliverable","+13015121038","","Software Engineer","Compound Eye","Cornell University, Cornell University, Montgomery Blair High School"
"Arnab","Mukherji","Berkeley California United States","https://linkedin.com/in/arnab-mukherji-13773874","arnab.mukherji@gmail.com","Deliverable","a.mukherji@arkoselabs.com","Deliverable","+19087451234","https://github.com/arnabm","Staff Software Engineer","Arkose Labs","University of California, Berkeley, Montgomery High School"
"Preston","Chan","San Francisco California United States","https://linkedin.com/in/prestonchan","chan.preston@gmail.com","Deliverable","preston.chan@valon.com","Deliverable","+14088386488","https://github.com/pcchan","Staff Software Engineer","Valon","Ucla, Lynbrook High School"
"Daniel","Lwo","San Francisco California United States","https://linkedin.com/in/daniellwo","danielxji6@gmail.com","Deliverable","daniel.lwo@propelplm.com","Deliverable","+16699003292","https://github.com/phnxdanielskillslanguages:","Senior Software Engineer","Propel Software","The University of Texas at Austin, N/A, National Central University, Ucla"
"Kushal","Ranjan","Mountain View California United States","https://linkedin.com/in/kushalranjan","kushal.ranjan94@gmail.com","Deliverable","kranjan@waymo.com","Risky","+14084829174","https://github.com/kranjan94","Software Engineer","Waymo","Stanford University, University of California, Berkeley, Stanford University, The Harker School, Harker School, Stanford University"
"Will","Bunce","New York New York United States","https://linkedin.com/in/will-bunce-185b432a","hurricane577@gmail.com","Deliverable","wbunce@flatiron.com","Risky","+12392075514","","Software Engineer","Flatiron Health","Vanderbilt University, Vanderbilt University, Community School of Naples"
"Braden","Anderson","San Francisco California United States","https://linkedin.com/in/braden-anderson-72121479","bradencanderson@gmail.com","Deliverable","braden@retool.com","Deliverable","+15165908276","https://github.com/bradencanderson","Software Engineer","Retool","Ucla, Lund University, Los Gatos High School"
"Hugh","O'reilly","New York New York United States","https://linkedin.com/in/hughjoreilly","horeilly1101@gmail.com","Deliverable","","","","","Senior Software Engineer","Plaid","Rice University, Saint Thomas Aquinas High School - Overland Park, KS"
"Ihssan","Tinawi","Alameda California United States","https://linkedin.com/in/itinawi","ihssan.tinawi@gmail.com","Deliverable","ihssan@usenash.com","Deliverable","+16179559857","","Founding Software Engineer","Nash","Massachusetts Institute of Technology, Massachusetts Institute of Technology, International College, International School of Choueifat, Springfield International Charter School, The International School of Choueifat"
"Ray","Tsai","New York New York United States","https://linkedin.com/in/ray-tsai","sait689@gmail.com","Deliverable","","","","","Senior Software Engineer","Stellar Health","Columbia University, Johns Hopkins University"
"William","Tang","Oakland California United States","https://linkedin.com/in/williamctang","williamctang93@gmail.com","Deliverable","","","+14084825359","https://github.com/williamctang","Founding Engineer","Treehouse","University of California, Berkeley, N/A, Saratoga High School"
"Eric","Gorlin","San Francisco California United States","https://linkedin.com/in/eric-gorlin-b181113b","ericgorlin@gmail.com","Deliverable","egorlin@waymo.com","Risky","+14159922288","https://github.com/ericgorlin","Software Engineer","Waymo","Caltech, Lick Wilmerding High School, Lick - Wilmerding High School"
"Chi","Zeng","Mountain View California United States","https://linkedin.com/in/chi-zeng-885a6b28","zeng.chi@gmail.com","Deliverable","","","+13142211131","","Senior Software Engineer","Waymo","University of California, Berkeley, Haas School of Business, Harvard University, Harvard University, Clayton High School"
"Jamie","Demaria","New York New York United States","https://linkedin.com/in/jamie-demaria-566833122","demariajamie@gmail.com","Deliverable","jamie@elementl.com","Deliverable","","","Software Engineer","Dagster Labs","Brown University"
"Steven","Yang","Foster City California United States","https://linkedin.com/in/steven-yang-98123b66","lthestevenzyang@gmail.com","Deliverable","steven@alchemyapi.io","Risky","+14259456049","https://github.com/stevenzyang","Staff Software Engineer","Alchemy","University of California, Berkeley, University of California, Berkeley, Issaquah Senior High School"
"Paavan","Bhavsar","San Mateo California United States","https://linkedin.com/in/paavanbhavsar","paavanb@gmail.com","Deliverable","paavan@bighatbio.com","Deliverable","+19784919673","","Senior Software Engineer","Bighat Biosciences","Brown University, Westford Academy"
"Patrick","Jongeneel","Menlo Park California United States","https://linkedin.com/in/patrick-jongeneel-6b3a5462","patchjongeneel@gmail.com","Deliverable","patrick@betteromics.com","Undeliverable","+14435375554","","Software Engineer","Betteromics","Georgia Institute of Technology, Johns Hopkins University"
"James","Park","San Francisco California United States","https://linkedin.com/in/james-lee-park","inboxjamespark@gmail.com","Deliverable","","","+19732248516","","Software Engineer","Found","Cornell University"
"Wenyuan","Gu","Sunnyvale California United States","https://linkedin.com/in/wenyuan-gu","","","wenyuan.gu@petuum.com","Risky","+19522019352","","Software Engineer","Petuum","Rice University, The Chinese University of Hong Kong"
"Anvith","Ekkati","Sunnyvale California United States","https://linkedin.com/in/eanvith","eanvith@gmail.com","Deliverable","anvith@nianticlabs.com","Deliverable","+12159513885","","Staff Software Engineer","Niantic Inc.","University of Pennsylvania, RV College of Engineering"
"Oliver","Huang","San Francisco California United States","https://linkedin.com/in/obh","oliver1018kimo@gmail.com","Deliverable","oliver@render.com","Risky","+19093675990","","Software Engineer","Render","Ucla, University of California"
"Guowang","Li","Mountain View California United States","https://linkedin.com/in/guowang-li-1ba75792","lgwster@gmail.com","Deliverable","guowangli@waymo.com","Risky","","","Software Engineer","Waymo","University of Notre Dame, Peking University"
"Eddie","Conk","San Francisco California United States","https://linkedin.com/in/eddieconk","eddieconk@mac.com","Deliverable","","","+18052808550","","Software Engineer","Material Security","University of California, Berkeley, Laguna Blanca School, University of California, Berkeley"
"Andrew","Noglows","New York New York United States","https://linkedin.com/in/andrew-noglows-28b81816a","jnoglows@gmail.com","Deliverable","anoglows@aspireiq.com","Deliverable","7076543280","","Senior Software Engineer","Aspire","University of California, Berkeley"
"Jie","Chen","New York New York United States","https://linkedin.com/in/jie-andy-chen-940627a2","andrewchencpa@gmail.com","Deliverable","","","+14152607625","","Staff Software Engineer","Pinwheel","University of Pennsylvania, University of Pennsylvania, West Springfield High School"
"Ethan","Cohen","New York New York United States","https://linkedin.com/in/ethan-cohen-320410a9","ecohen56@gmail.com","Deliverable","ethan@getchapter.com","Risky","+18439062339","","Software Engineer","Chapter: Medicare Made Simple","Princeton University, Academic Magnet High School"
"Mateus","Bezrutchka","San Francisco California United States","https://linkedin.com/in/mateus-bezrutchka-084294136","mbezrutchka@gmail.com","Deliverable","mateus.bezrutchka@scale.com","Deliverable","+18572539432","","Software Engineer","Scale AI","Massachusetts Institute of Technology"
"Akshit","Annadi","Berkeley California United States","https://linkedin.com/in/akshit-annadi","aannadi@gmail.com","Deliverable","aannadi@plaid.com","Deliverable","","","Software Engineer","Plaid","University of California, Berkeley"
"Mario","Guerrieri","San Francisco California United States","https://linkedin.com/in/mario-guerrieri-9b5b22115","mguerrieri@outlook.com","Deliverable","mario@pocketgems.com","Deliverable","+16282344559","","Software Engineer","Pocket Gems","University of California, Berkeley, University of California"
"Lawrence","Ouyang","Hayward California United States","https://linkedin.com/in/lawrenceouyang","lawrence.ouyang@gmail.com","Deliverable","lawrence@frontapp.com","Risky","+14158233735","","Software Engineer","Front","Ucla, N/A"
"Justin","Lin","San Francisco California United States","https://linkedin.com/in/justinlin33","","","jlin@waymo.com","Risky","7346632018","","Software Engineer","Waymo","University of California, Berkeley, Evergreen Valley High School"
"Seyoung","Kim","New York New York United States","https://linkedin.com/in/seyoungjkim","stellaykim@gmail.com","Deliverable","skim@plaid.com","Deliverable","+14152501006","","Software Engineer","Plaid","University of Pennsylvania, Conestoga Senior High School"
"Ray","Tsai","New York New York United States","https://linkedin.com/in/ray-tsai","sait689@gmail.com","Deliverable","","","","","Senior Software Engineer","Stellar Health","Columbia University, Johns Hopkins University, Johns Hopkins University"
"Husam","Salhab","New York New York United States","https://linkedin.com/in/husam-salhab","husamsalhab@gmail.com","Deliverable","hsalhab@flatiron.com","Risky","","","Software Engineer","Flatiron Health","Brown University"
"Shyheme","Days","Brooklyn New York United States","https://linkedin.com/in/shyheme","shyhemedays@gmail.com","Deliverable","","","+18563642794","","Software Engineer","Bubble","Princeton University, Vineland High School"
"Troy","Palmer","New York New York United States","https://linkedin.com/in/tbaileypalmer","tbaileypalmer@gmail.com","Deliverable","troy@perchwell.com","Deliverable","+16076442209","","Software Engineer","Perchwell","Dartmouth College, Beijing Normal University, Susquehanna Valley High School, Susquehanna Valley Senior High School"
"Gabe","Lyons","San Francisco California United States","https://linkedin.com/in/gabe-lyons-9a574543","itsgabelyons@gmail.com","Deliverable","","","+19083071572","https://github.com/gabeloins","Founding Engineer","Acryl Data","Brown University, New Providence High School"
"Henry","Baer","Lafayette California United States","https://linkedin.com/in/henry-baer-a7578188","henryandrewbaer@gmail.com","Deliverable","henry@merge.dev","Risky","+19258185302","","Founding Engineer","Merge","Caltech, Acalanes High School"
"Eric","Tsai","Albany California United States","https://linkedin.com/in/erictsai3","esytsai@gmail.com","Deliverable","eric@deepscribe.ai","Deliverable","+17788399298","","Software Engineer","Deepscribe","University of California, Berkeley, The University of British Columbia, Selkirk Secondary School, University of British Columbia"
"Zhiyao","Xiong","Belmont California United States","https://linkedin.com/in/tommy-zhiyao-xiong","tommyxiong@gmail.com","Deliverable","tommy@hover.to","Deliverable","","","Senior Software Engineer","Hover Inc.","Georgia Institute of Technology, Columbia University, Tongji University"
"Steven","Rivera-James","Berkeley California United States","https://linkedin.com/in/steven-rivera-james-929938155","jamessr1890@gmail.com","Deliverable","steven@lightstep.com","Unknown","+15702507094","","Software Engineer","Lightstep","Georgia Institute of Technology, Berkeley City College, University of California, Berkeley, Miami Dade College"
"Jerry","Zhang","Mountain View California United States","https://linkedin.com/in/jerryxzhang","javelinstorm@gmail.com","Deliverable","jerry@skydio.com","Deliverable","+16505647769","","Senior Software Engineer","Skydio","Caltech, Mount Lebanon High School"
"Jeff","Song","Sunnyvale California United States","https://linkedin.com/in/jeff-song-a757b921b","jack1988jack2019@gmail.com","Risky","","","(408) 718-1176","","Software Engineer","Waymo","Ucla, Ucla"
"Brian","Cheang","New York New York United States","https://linkedin.com/in/brian-cheang","briancheanghc@gmail.com","Deliverable","","","+16263626310","","Software Engineer","Cedar","Cornell Tech, Cornell University, Cornell University, Taipei American School"
"Saumya","Dedhia","San Francisco California United States","https://linkedin.com/in/saumyadedhia","saumyadedhia@gmail.com","Deliverable","","","","","Software Engineer","Handshake","Ucla"
"Joseph","Tilahun","San Jose California United States","https://linkedin.com/in/jtilahun","josephtilahun@gmail.com","Deliverable","joseph@astranis.com","Risky","+14018356570","","Flight Software Engineer","Astranis Space Technologies","Caltech"
"Elmer","Diaz","Berkeley California United States","https://linkedin.com/in/elmer-diaz-7aa6a7116","elsy52680@hotmail.com","Deliverable","ediaz@fieldwire.com","Deliverable","+19196075086","","Software Engineer","Fieldwire by Hilti","University of California, Berkeley, Terra Linda High School"
"Alan","Cham","San Leandro California United States","https://linkedin.com/in/acham1","alanchamis@gmail.com","Deliverable","alan@ternary.app","Risky","+15106005030","https://github.com/acham1","Software Engineer","Ternary","University of Chicago, Johns Hopkins University, California Crosspoint High School, Chinese Christian High School"
"Wilson","Zhong","New York New York United States","https://linkedin.com/in/wilson-zhong","wilsonz177@gmail.com","Deliverable","wilson.zhong@everlaw.com","Deliverable","6463220270","https://github.com/wilsonz177","Software Engineer","Everlaw","Washington University in ST. Louis, Stuyvesant High School"
"James","Li","Oakland California United States","https://linkedin.com/in/james-li-4a3266122","jamesemc2@gmail.com","Deliverable","james@shipium.com","Risky","","","Senior Software Engineer","Shipium","Stanford University, East Ridge High School"
"Turese","Anderson","San Francisco California United States","https://linkedin.com/in/turese-anderson","tureseanderson@gmail.com","Deliverable","turese@sigmacomputing.com","Risky","","","Software Engineer","Sigma Computing","University of California, Berkeley"
"Walker","Mills","Redwood City California United States","https://linkedin.com/in/walker-mills-95b08b81","walker.mills7@gmail.com","Deliverable","walker.mills@astronomer.io","Deliverable","+19167153772","https://github.com/walkermills","Staff Software Engineer","Astronomer","Caltech, Modesto High School"
"Robert","Stratton","Berkeley California United States","https://linkedin.com/in/rastratton","rastratton88@gmail.com","Deliverable","","","+13102806486","","Software Engineer","Middesk","University of California, Berkeley, Santa Rosa Junior College"
"Charlie","Kupets","San Francisco California United States","https://linkedin.com/in/charlie-kupets","jkupets@hotmail.com","Deliverable","charlie@ironcladapp.com","Deliverable","+18472350243","","Software Engineer","Ironclad","University of Chicago, New York University, New Trier High School"
"Henry","","Brooklyn New York United States","https://linkedin.com/in/henryvstone","","","","","","","Software Engineer","Flatiron Health","Brown University, Dover Sherborn High School"
"Desmond","Chan","Mountain View California United States","https://linkedin.com/in/desmondwchan","desmondwchan@gmail.com","Deliverable","desmond@moveworks.com","Risky","+14407257039","","Software Engineer Machine Learning","Moveworks","Stanford University"
"Chris","Chen","Berkeley California United States","https://linkedin.com/in/chris-chen-18389811","www.chrischen@gmail.com","Deliverable","jiang@moveworks.com","Risky","+19092748295","https://github.com/cchen95","Software Engineer - Conversation Product","Moveworks","University of California, Berkeley, Diamond Bar High School"
"Michael","Choi","San Francisco California United States","https://linkedin.com/in/dmchoi","michael2choi@gmail.com","Deliverable","michael.choi@scale.com","Risky","+16467846889","","Software Engineer","Scale AI","Massachusetts Institute of Technology, Massachusetts Institute of Technology"
"Cody","Kala","Redwood City California United States","https://linkedin.com/in/cody-kala-81489073","codykala@gmail.com","Deliverable","","","+18083694330","","Software Engineer Machine Learning","Moveworks","Stanford University, Stanford University, University of Hawaii at Manoa, Punahou School"
"Jack","Wang","New York New York United States","https://linkedin.com/in/jackwang19","jacktianhaowang@gmail.com","Deliverable","jack.wang@scale.com","Deliverable","+14164647706","","Software Engineer","Scale AI","University of California, Berkeley, The Woodlands School"
"William","Wu","San Francisco California United States","https://linkedin.com/in/mrwilliamwu","williamwu2k12@gmail.com","Deliverable","wwu@hazel.co","Risky","+15106846108","","Senior Software Engineer","Hazel Health","University of California, Berkeley, West Torrance High School"
"Chau","Tran","New York New York United States","https://linkedin.com/in/chau-tran-ba9a5727","tranhaichau93@gmail.com","Deliverable","","","+16179225699","","Software Engineer","Glean","Brown University"
"Mengjia","Kong","San Francisco California United States","https://linkedin.com/in/mengjia-kong-45161370","kelley0906@gmail.com","Deliverable","mengjia@coda.io","Deliverable","+16093896125","https://github.com/kelleykong","Software Engineer","Coda","Dartmouth College, Nanjing University"
"Mrinal","Mohit","San Francisco California United States","https://linkedin.com/in/mrinalmohit","wowitsmrinal@gmail.com","Deliverable","mrinal@glean.com","Undeliverable","+17814922338","https://github.com/wowitsmrinal","Founding Engineer / Manager","Glean","Massachusetts Institute of Technology, Indian Institute of Technology Kharagpur, Delhi Public School, Delhi Public School Noida, Massachusetts Institute of Technology"
"Christopher","Blair","New York New York United States","https://linkedin.com/in/christopher-blair-1950ab110","chrisblair393@gmail.com","Deliverable","","","+17328599456","https://github.com/chrisblair2019","Software Engineer","Backbone","Virginia Tech, Harvard University, Red Bank Catholic High School"
"Adi","Rosen","Englewood New Jersey United States","https://linkedin.com/in/adi-rosen-6279b9104","rosena2795@gmail.com","Deliverable","adi@meliopayments.com","Risky","+12015606664","","Software Engineer","Melio","University of Pennsylvania"
"Huan","Lu","San Francisco California United States","https://linkedin.com/in/huan-lu-68b209b3","","","huan@pocketgems.com","Undeliverable","","","Software Engineer","Pocket Gems","Dartmouth College, Shanghai Jiao Tong University, Shanghai Jiao Tong University"
"Jakob","Karstens","Berkeley California United States","https://linkedin.com/in/jakob-karstens-44006b104","jakobkarstens@gmail.com","Deliverable","","","+16306608308","https://github.com/jkarstens","Senior Software Engineer","Seekout","University of California, Berkeley, George Mason High School"
"David","Donnelly","San Francisco California United States","https://linkedin.com/in/david-donnelly-ii-b52606110","donnellyd215@gmail.com","Deliverable","","","+18435053377","","Founding Engineer","Merge","Northwestern University"
"Sean","Walker","San Francisco California United States","https://linkedin.com/in/seankwalker","sean_walker@outlook.com","Undeliverable","sean@snackpass.co","Risky","301-742-3142","https://github.com/seankwalker","Senior Staff Software Engineer","Snackpass","Yale University, Seoul National University, Pueblo East High School"
"Juan","Ferrua","New York New York United States","https://linkedin.com/in/juanferrua","ferruajuan@gmail.com","Deliverable","juan.ferrua@ironcladapp.com","Deliverable","","","Software Engineer","Ironclad","Massachusetts Institute of Technology, Massachusetts Institute of Technology, Mit Sloan School of Management"
"William","Bailey","San Francisco California United States","https://linkedin.com/in/william-bailey-4a786315a","williambaileyca@gmail.com","Deliverable","william@notablehealth.com","Risky","+16309916487","","Software Engineer","Notable","University of California, Berkeley"
"John","Newsom","New York New York United States","https://linkedin.com/in/newsom","djnewsom@hotmail.com","Deliverable","jack.newsom@moveparallel.com","Risky","","","Software Engineer Perception","Parallel Systems","University of California, Berkeley, University of California, Berkeley"
"Amanda","Chow","San Francisco California United States","https://linkedin.com/in/amanda-chow","aychow256@gmail.com","Deliverable","","","","","Software Engineer","Tecton","Stanford University, Stanford University"
"Dennis","LE","Oakland California United States","https://linkedin.com/in/dennis-le-95a211a8","dennisqle@gmail.com","Deliverable","dennis@cambly.com","Deliverable","+12243881126 / +14152163094 / +14158305109","","Software Engineer","Cambly Inc.","University of Chicago, Ucla, N/A"
"Razi","Rais","San Francisco California United States","https://linkedin.com/in/razi-rais-8a5761b7","goomba392@gmail.com","Deliverable","razi.rais@verkada.com","Risky","+15713096925","","Software Engineer","Verkada","Georgia Institute of Technology, Johns Hopkins University, Johns Hopkins University, George Mason University, George Mason University;;2014 – 2016;"
"Dylan","Hoang","New York New York United States","https://linkedin.com/in/dylanahoang","dylan.a.hoang@gmail.com","Deliverable","","","+18328089966","https://github.com/dhoang17","Senior Software Engineer","Ambrook","Ucla, Dhahran High School, Dhahran Academy High School"
"Bowen","Jiang","San Francisco California United States","https://linkedin.com/in/bowen-jiang-a504abb8","bowenjiang@gmail.com","Deliverable","bowen@leandatainc.com","Undeliverable","+14087188358","","Software Engineer","Leandata","University of California, Berkeley, University of California"
"George","Lee","San Mateo California United States","https://linkedin.com/in/george-lee-71a356133","georgelee114@gmail.com","Deliverable","george.lee@verkada.com","Risky","+19498875234","","Software Engineer Frontend","Verkada","Brown University, Corona Del Mar High School"
"Sean","Snider","Brooklyn New York United States","https://linkedin.com/in/seanmsnider","seansnider4@gmail.com","Deliverable","snider@premise.com","Risky","","","Senior Software Engineer","Premise","Duke University"
"Jeff","Avery","San Francisco California United States","https://linkedin.com/in/jeffavery1","jeffaveryca@gmail.com","Deliverable","jeff.avery@uwaterloo.ca","Deliverable","+14159666250","","Software Engineer - Growth","Whatnot","University of Waterloo"
"Utsav","Popat","New York New York United States","https://linkedin.com/in/utsav-popat","utsavp123@gmail.com","Deliverable","utsav.popat@addepar.com","Risky","","","Software Engineer","Addepar","Princeton University, University of Oxford, Dhirubhai Ambani International School"
"Ram","Vellanki","New York New York United States","https://linkedin.com/in/ramv13","ramsaivellanki@gmail.com","Deliverable","rvellanki@waymo.com","Risky","732-666-5402","","Staff Software Engineer","Waymo","Cornell University, South Brunswick High School"
"Alex","Karim","San Francisco California United States","https://linkedin.com/in/alexkarim","alexkarim95@gmail.com","Deliverable","","","+16309037147","","Software Engineer","Notion","Brown University, Adlai E. Stevenson High School"
"William","Song","Berkeley California United States","https://linkedin.com/in/william-song39","williamsong39@gmail.com","Deliverable","william.song@scale.com","Deliverable","","","Software Engineer","Scale AI","University of California, Berkeley"
"Vivek","Dasari","San Francisco California United States","https://linkedin.com/in/vivek-dasari-9b94b3144","vivekpreddy@gmail.com","Deliverable","","","","","Software Engineer","Benchling","Massachusetts Institute of Technology, Massachusetts Institute of Technology"
"Brock","Jones","San Francisco California United States","https://linkedin.com/in/brock-jones-b5bb3935","brockajones@gmail.com","Deliverable","brock@gem.com","Risky","+13032575646","https://github.com/brockjones","Software Engineer","Gem","Caltech, School of Science and Technology"
"Naman","Agarwal","San Francisco California United States","https://linkedin.com/in/namananaman","namananaman@gmail.com","Deliverable","naman.agarwal@metronome.dk","Undeliverable","+15085621958","https://github.com/namananaman","Founding Engineer","Metronome","Cornell University, Xaverian Brothers High School"
"Sagar","Sarda","San Francisco California United States","https://linkedin.com/in/sagar-sarda-9ab50a79","sagarsarda@gmail.com","Deliverable","","","","","Staff Software Engineer","Waymo","Columbia University"
"Zhongyang","Fu","Jersey City New Jersey United States","https://linkedin.com/in/zhongyangfu","zhongyang.fu@gmail.com","Deliverable","","","+16073793626","https://github.com/bluner","Software Engineer","Tecton","Cornell University, Shanghai Jiao Tong University, Cornell University, Northeast Normal University, High School Attached to Nenu"
"Sean","Shi","Saratoga California United States","https://linkedin.com/in/sean-shi-a469a91b1","seanshi31@gmail.com","Deliverable","sean.shi@scale.com","Deliverable","+15852323110","","Software Engineer","Scale AI","Massachusetts Institute of Technology"
"Luyuan","Lin","Mountain View California United States","https://linkedin.com/in/luyuan-lin-26632743","tracydou@hotmail.com","Deliverable","luyuanlin@waymo.com","Risky","+16503188009","","Software Engineer","Waymo","University of Waterloo, University of Waterloo, Nanjing University, 石家庄二中 - 河北省实验中学 (Shi Jia Zhuang No.2 Middle School)"
"Michael","Leonard","San Francisco California United States","https://linkedin.com/in/mgleonard425","mgleonard425@gmail.com","Deliverable","mleonard@quadric.io","Risky","+19146028567","","Software Engineer","Quadric","Northwestern University, Hackley School"
"Cyril","Saade","New York New York United States","https://linkedin.com/in/cyrilsaade","cyrilsaade96@gmail.com","Deliverable","cyril.saade@addepar.com","Risky","","","Software Engineer","Addepar","University of Pennsylvania, Boston University, Grand Lycée Franco - Libanais"
"Rayaan","Khatau","New York New York United States","https://linkedin.com/in/rayaan-anil-khatau-01a189b3","rayaankhatau@gmail.com","Deliverable","rayaan@benchling.com","Risky","+19292382277","https://github.com/rayaankhatau","Software Engineer","Benchling","Columbia University, Cathedral and John Connon School, Cathedral and John Connon School"
"Ming","Zou","Mountain View California United States","https://linkedin.com/in/ming-zou-3509531b","mingzou.cn@gmail.com","Deliverable","mingzou@waymo.com","Risky","+16476760678","https://github.com/meredithzou","Staff Software Engineer Manager","Waymo","Washington University in ST. Louis, Washington University in ST. Louis, Tsinghua University, Tsinghua University"
"Chaitanya","Angadala","San Jose California United States","https://linkedin.com/in/cangadala","ang_vasu@hotmail.com","Deliverable","chaitanya@rafay.co","Deliverable","(408) 261-1666","","Software Engineer","Rafay","University of California, Berkeley, DE Anza College"
"Luis","Maurer","Berkeley California United States","https://linkedin.com/in/luis-maurer-a104011ba","","","luis.maurer@everlaw.com","Deliverable","","","Software Engineer","Everlaw","University of California, Berkeley"
"Joseph","Marrama","San Francisco California United States","https://linkedin.com/in/joseph-marrama-63ba6a35","jmarrama@gmail.com","Deliverable","joseph@insitro.com","Undeliverable","+12673310244","https://github.com/jmarrama","Staff Software Engineer","Insitro","Stanford University, Stanford University, Bishop O'dowd High School"
"Morgan","Walker","Burlingame California United States","https://linkedin.com/in/morgan-walker-38a075b3","morgan979@gmail.com","Deliverable","","","+16503028543","","Software Engineer","Cambly Inc.","Northwestern University, Crystal Springs Uplands High School"
"Mark","Kwon","Stanford California United States","https://linkedin.com/in/markk93","hjkwon0609@gmail.com","Deliverable","mark.kwon@streami.co","Risky","+16507962208","https://github.com/hjkwon0609","Software Engineer","Streami Inc.","Stanford University, Stanford University, Bugil Academy GLP, Bloomington High School South"
"Tyler","Szeto","San Francisco California United States","https://linkedin.com/in/tyler-szeto","tylerszeto@gmail.com","Deliverable","tyler@openraven.com","Deliverable","+15102191574","","Software Engineer","Open Raven","Ucla, Berkeley City College"
"Terence","Cho","San Francisco California United States","https://linkedin.com/in/tlcho","janecho70@gmail.com","Deliverable","terence.cho@esd.ny.gov","Risky","+19178477116","https://github.com/terencecho","Senior Software Engineer","Airbyte","University of California, Berkeley, Covina High School"
"Tobias","Brachmann","San Francisco California United States","https://linkedin.com/in/tbrachmann","tobybrachmann@gmail.com","Deliverable","","","650-293-1336","","Software Engineer","Canal","University of California, Berkeley, Waseda University, Burlingame High School"
"Yiren","Lu","New York New York United States","https://linkedin.com/in/luyiren","luyirenmax@gmail.com","Deliverable","ylu@waymo.com","Risky","+16263546991","https://github.com/yrlu","Senior Software Engineer Applied Research","Waymo","Stanford University, University of Pennsylvania, Tongji University, Rose - Hulman Institute of Technology"
"Justin","Chen","Santa Clara California United States","https://linkedin.com/in/justin-chen8888","jusjsc@gmail.com","Deliverable","jchen@fetchrobotics.com","Deliverable","+14085695816","","Full Stack Software Engineer","Fetch Robotics","Ucla, DE Anza College, Los Angeles Pierce College"
"Shar","Pruisken","Brooklyn New York United States","https://linkedin.com/in/shar-pruisken-59746039","spruisken@gmail.com","Deliverable","spruisken@amberdata.io","Deliverable","+16508048416","https://github.com/spruisken","Senior Software Engineer","Amberdata","Stanford University, Stanford University, International School of Amsterdam, Rishi Valley School, Rishi Valley School, Madanapalle"
"Kevin","Chian","Sunnyvale California United States","https://linkedin.com/in/kevinchian","kchian2006@gmail.com","Deliverable","","","","https://github.com/kevinchian","Software Engineer","Glean","University of California, Berkeley, Westlake High School"
"Jordan","Hendricks","San Francisco California United States","https://linkedin.com/in/jordan-hendricks-206ab372","jordanphendricks@gmail.com","Deliverable","jordan@oxide.computer","Risky","+19496322428","","Software Engineer","Oxide Computer Company","Brown University, Brown University, Edmond North High School"
"Billy","Janitsch","Brooklyn New York United States","https://linkedin.com/in/billyjanitsch","billyjanitsch@gmail.com","Deliverable","billy@kensho.com","Risky","+14046078014 / +16179879049","https://github.com/billyjanitsch","Software Engineer","Kensho Technologies","Harvard University"
"Max","Feng","San Francisco California United States","https://linkedin.com/in/maxtfeng","max.mf.feng@gmail.com","Deliverable","","","+15104586025","","Senior Software Engineer","Decodable","University of California, Berkeley, Mission San Jose High School"
"Jiefu","Ying","New York New York United States","https://linkedin.com/in/jiefu-ying-93a6a4a3","yjfufwk@aliyun.com","Risky","jiefu.ying@pony.ai","Risky","(510) 402-3951","","Software Engineer","Pony.ai","Columbia University, Tsinghua University"
"Matthew","Fox","San Francisco California United States","https://linkedin.com/in/matthewmfox","matthewmfox@gmail.com","Deliverable","","","+13374127983","https://github.com/matthewmfox","Software Engineer","Benchling","Massachusetts Institute of Technology, Massachusetts Institute of Technology, ST. Thomas More High School"
"Jawon","Breed","San Francisco California United States","https://linkedin.com/in/jawon-breed","jawon.breed@gmail.com","Deliverable","jawon@benchling.com","Risky","+18589268666","","Software Engineer","Benchling","UC San Diego, University of California, Berkeley"
"Eddie","Zhou","Palo Alto California United States","https://linkedin.com/in/eddie-zhou-70364b54","eddiedzhou@gmail.com","Deliverable","eddie@glean.com","Deliverable","+16508610943","https://github.com/edz504","Founding Engineer","Glean","Princeton University, Stanford University, Henry M. Gunn Senior High School, Henry M. Gunn High School"
"Adeline","Petersen","San Francisco California United States","https://linkedin.com/in/adelinepetersen","adelinepetersen@gmail.com","Deliverable","adeline@benchling.com","Risky","+15413771412","","Software Engineer","Benchling","Stanford University, Stanford University, Ingraham High School"
"Anjali","Suresh","San Francisco California United States","https://linkedin.com/in/anjali-suresh-372781160","anjalithekkath1989@gmail.com","Deliverable","anjali@datavant.com","Deliverable","+19492854767","","Software Engineer","Datavant","University of California, Berkeley"
"Mary","LO","San Francisco California United States","https://linkedin.com/in/suhyounlo","maryhan93@gmail.com","Deliverable","","","","","Software Engineer","Betteromics","Johns Hopkins University, UC Berkeley College of Engineering"
"Annie","Tsai","New York New York United States","https://linkedin.com/in/tsaiannie1","annietsai@berkeley.edu","Deliverable","staryannie@classicnet.net","Error","(626) 375-5966","","Founding Engineer","Treet","University of California, Berkeley, University Preparatory High School"
"Rachel","Carandang","San Francisco California United States","https://linkedin.com/in/rachelcarandang","rascarandang@gmail.com","Deliverable","rachel@somewearlabs.com","Deliverable","+16094807422","https://github.com/rachelcarandang","Lead Staff Software Engineer - Android & Ios","Somewear Labs","University of Chicago, Georgetown University"
"Natasha","Consul","Mountain View California United States","https://linkedin.com/in/natasha-consul-44470690","natashaconsul@gmail.com","Deliverable","nconsul@waymo.com","Risky","","https://github.com/nconsul","Software Engineer","Waymo","Massachusetts Institute of Technology, Massachusetts Institute of Technology, University of Michigan, Salem High School"
"Sakshi","Madan","Berkeley California United States","https://linkedin.com/in/sakshi-madan-95a71110a","sakshi.madan17@gmail.com","Deliverable","sakshi.madan@waymo.com","Risky","+18584085484","","Senior Software Engineer","Waymo","University of California, Berkeley, UC Berkeley College of Engineering, University of California, Berkeley, Westview High School"
"Eunice","Kokor","New York New York United States","https://linkedin.com/in/eunicekokor","eunice.kokor@gmail.com","Deliverable","eunice@arize.com","Risky","+17149075336","https://github.com/eunicekokor","Senior Software Engineer","Arize AI","Columbia University, Flyod B. Buchanan High School"
"Crystal","Lee","Mountain View California United States","https://linkedin.com/in/crystal-lee-678a7758","isealya@gmail.com","Deliverable","","","+12138049624","","Software Engineer","Whatnot","University of California, Berkeley"
"Lexi","Stein","New York New York United States","https://linkedin.com/in/lexistein","alexistein13@gmail.com","Deliverable","","","","","Founding Engineer","Partiful","Stanford University"
"Jenny","Wong","San Francisco California United States","https://linkedin.com/in/jenny-wong-58a244155","jenny.wong@yahoo.com","Undeliverable","jenny.wong@rev.com","Deliverable","+19032275701","","Software Engineer","Rev","University of California, Berkeley"
"Ivana","Alardin","Brooklyn New York United States","https://linkedin.com/in/ivana-alardin-629846155","ivanaalardin@gmail.com","Deliverable","ialardin@flatiron.com","Risky","+13122927237","","Software Engineer","Flatiron Health","Massachusetts Institute of Technology, Payton College Preparatory High School"
"Keyao","Shen","San Francisco California United States","https://linkedin.com/in/shenkeyao","shenkeyao@gmail.com","Deliverable","","","+15103168581","","Senior Software Engineer","Espresso Systems","University of California, Berkeley, Purdue University, Chengdu No.7 High School 成都市第七中学, High School No. 7 Chengdu"
"Christine","","Palo Alto California United States","https://linkedin.com/in/christinealuo","christineailuo@gmail.com","Deliverable","","","","","Software Engineer","Coda","University of California, Berkeley, Henry M. Gunn High School"
"Michelle","Chiang","New York New York United States","https://linkedin.com/in/michelle-chiang","","","mchiang@x1.co","Risky","","","Software Engineer","X1 Card","Harvard University"
"Celena","Chang","San Francisco California United States","https://linkedin.com/in/celenachang","changcelena@gmail.com","Deliverable","cchang@flatiron.com","Risky","","https://github.com/celenac","Software Engineer","Flatiron Health","University of California, Berkeley, Lowell High School"
"Annie","Wang","Berkeley California United States","https://linkedin.com/in/annieyueyiwang","annieyueyiwang@gmail.com","Deliverable","","","+16267588232","","Founding Engineer","Treet","University of California, Berkeley, UC Berkeley College of Engineering, Massachusetts Institute of Technology, Massachusetts Institute of Technology, Troy High School"
"Clara","Park","New York New York United States","https://linkedin.com/in/clara-park-5a6547130","clarapark96@naver.com","Undeliverable","clara@makenotion.com","Deliverable","8652887142","","Software Engineer","Notion","University of California, Berkeley"
"Mia","Gallier","San Mateo California United States","https://linkedin.com/in/mia-froehling-gallier","miafrogal@gmail.com","Deliverable","mia@cloudtrucks.com","Deliverable","+12152901411","","Software Engineer","Cloudtrucks","University of Pennsylvania, Central High School of Philadelphia"
"Claire","Lin","San Francisco California United States","https://linkedin.com/in/clairelin135","clairelin135@gmail.com","Deliverable","claire@elementl.com","Deliverable","","","Software Engineer","Dagster Labs","University of California, Berkeley, University of California, Berkeley"
"Karen","","San Francisco California United States","https://linkedin.com/in/kyying","karenying7@gmail.com","Deliverable","","","","","Software Engineer","Gather","Princeton University, Belmont High School"
"Melody","Cheng","San Mateo California United States","https://linkedin.com/in/melody-cheng-277592188","melodycheng99@gmail.com","Deliverable","melody.cheng@verkada.com","Risky","","","Software Engineer","Verkada","University of Waterloo"
"Sarah","Varghese","San Francisco California United States","https://linkedin.com/in/varghesesarah","maryvarghese@hotmail.com","Deliverable","sarah@ramp.com","Risky","650-223-1748","","Software Engineer","Ramp","University of California, Berkeley, Reedy High School"
"Emma","Jacobs","Jersey City New Jersey United States","https://linkedin.com/in/emvjacobs","emmajacobs486@yahoo.com","Deliverable","emma@copia.io","Deliverable","320-297-1865","","Software Engineer","Copia Automation","University of Chicago"
"Fei","Fang","Stanford California United States","https://linkedin.com/in/fei-fang-0b22ab110","","","feifang@stanford.edu","Deliverable","+16175109292","","Software Engineer","Glean","Stanford University, Stanford University, Groton School, Shenzhen Foreign Languages School, Stanford University, Stanford University"
"Laura","Pelton","Santa Clara California United States","https://linkedin.com/in/laura-pelton-57991b3","lpelton@gmail.com","Deliverable","lpelton@theathletic.com","Risky","+14124187933","","Staff Software Engineer","The Athletic","University of California, Berkeley"
"Kathleen","Gao","Berkeley California United States","https://linkedin.com/in/kathleengao","kathleengao2012@gmail.com","Deliverable","kathleen.gao@bubble.io","Deliverable","","","Software Engineer","Bubble","University of California, Berkeley"
"Kelsey","Chan","Palo Alto California United States","https://linkedin.com/in/kelseykchan","kelseykchan@gmail.com","Deliverable","kelsey@coda.io","Deliverable","+16506447056","https://github.com/kelseyc18","Software Engineer","Coda","Massachusetts Institute of Technology, Massachusetts Institute of Technology, Henry M. Gunn High School"
"Tanzeela","Khan","Newark California United States","https://linkedin.com/in/tanzeelakhan","tnk8042@aol.com","Deliverable","tanzeela.khan@reddit.com","Risky","+15109364083","","Backend Software Engineer","Reddit Inc.","Ucla, Newark Memorial High School"
"Raissa","Largman","San Francisco California United States","https://linkedin.com/in/raissa-largman","raissalargman@gmail.com","Deliverable","raissa@linear.app","Deliverable","+12819748443","","Software Engineer","Linear","Stanford University, Stanford University, Stanford University;;2011 – 2016;"
"Alice","Zhang","New York New York United States","https://linkedin.com/in/aliceyzhang","alicezhang320@gmail.com","Deliverable","","","","","Web Software Engineer","Grailed","Columbia University, University of California, Berkeley, Palo Alto High School"
"Melissa","Slaughter","San Francisco California United States","https://linkedin.com/in/melissa-slaughter-71537180","mellie_s777@yahoo.com","Deliverable","","","+12404982481","","Software Engineer","Persona","Massachusetts Institute of Technology"
"Karey","Shi","Sunnyvale California United States","https://linkedin.com/in/kareyshi","kareyxshi@gmail.com","Deliverable","kshi@moveworks.com","Risky","+14083004678","","Software Engineer","Moveworks","Stanford University, Evergreen Valley High School"
"Xinyi","Fan","Mountain View California United States","https://linkedin.com/in/xinyi-fan-2b839339","xinyi_fan@yahoo.com.cn","Undeliverable","xinyifan@waymo.com","Risky","","","Software Engineer","Waymo","Princeton University, Shanghai Jiao Tong University, UC Santa Barbara"
"Emily","Li","New York New York United States","https://linkedin.com/in/emily-li-el2857","liaocody1990@gmail.com","Deliverable","emily@benchling.com","Risky","415-512-9400","","Software Engineer","Benchling","Columbia University"
"Priya","Wadhwa","San Francisco California United States","https://linkedin.com/in/priya-wadhwa-693893b5","wadhwapurva@gmail.com","Deliverable","priya@chainguard.dev","Risky","+12039708503","https://github.com/priyawadhwa","Senior Software Engineer","Chainguard","University of California, Berkeley, The American School"
"Shivani","Kishnani","Berkeley California United States","https://linkedin.com/in/shivanikishnani","sangeetakishnani@gmail.com","Deliverable","shivani@glean.com","Undeliverable","+15304072726","","Software Engineer","Glean","University of California, Berkeley"
"Sarah","Robinson","San Francisco California United States","https://linkedin.com/in/sarah-robinson-0a9126186","sarahsrobinson@alumni.stanford.edu","Deliverable","sarah@tabapay.com","Risky","+16508158840","","Software Engineer","Tabapay","Stanford University"
"Elaine","Cole","San Francisco California United States","https://linkedin.com/in/elainemcole","coleelaine74@gmail.com","Deliverable","ecole@waymo.com","Risky","+16504921417","","Software Engineer Sre","Waymo","Washington University in ST. Louis, Washington University in ST. Louis, Los Altos High School"
"Quynh","Tran","San Francisco California United States","https://linkedin.com/in/quynh-tran-2b972246","tranquynh93@gmail.com","Deliverable","qtran@lyrahealth.com","Deliverable","","https://github.com/t2quynh","Senior Software Engineer","Lyra Health","Brown University, Hanoi - Amsterdam Gifted High School, Hanoi - Amsterdam High School for the Gifted"
"Christine","Lin","San Francisco California United States","https://linkedin.com/in/christinehylin","christine.dolphingirl@gmail.com","Deliverable","","","","https://github.com/christinehylin","Software Engineer","Notion","Stanford University, University of Michigan, The University of Edinburgh, The Lawrenceville School, Caltech, Lynbrook High School"
"Jessica","Zhao","San Francisco California United States","https://linkedin.com/in/jessicaezhao","jessicaz_123@yahoo.com","Deliverable","jessica@cresta.ai","Deliverable","","","Software Engineer","Cresta","Stanford University, Stanford University, University of Oxford, North Hollywood High School"
"Jiayin","Tang","San Francisco California United States","https://linkedin.com/in/jiayintang","jaywhytang@gmail.com","Deliverable","jiayin.tang@ibm.com","Risky","+13129271452","","Staff Software Developer","Ibm","Columbia University, Columbia University, Whitney Young Magnet High School, Whitney M. Young Magnet High School"
"Paulina","Isaza","White Plains New York United States","https://linkedin.com/in/ptoroisaza","pautoroisaza@gmail.com","Deliverable","paulina.isaza@ibm.com","Risky","","","Research Software Engineer","Ibm","Harvard University, Hunter College"
"Rebecca","Weinberger","New York New York United States","https://linkedin.com/in/rebecca-weinberger-a40934b0","rweinberger97@gmail.com","Deliverable","rebecca@benchling.com","Risky","+14404131955","","Software Engineer","Benchling","Massachusetts Institute of Technology, Massachusetts Institute of Technology, Brown School"
"Claire","Kwong","New York New York United States","https://linkedin.com/in/clairekwong","aeraquena@gmail.com","Deliverable","ckwong@edenhealth.com","Deliverable","+13017878147","https://github.com/clairekwong-temboo","Senior Full Stack Software Engineer","Eden Health","Goldsmiths, University of London, Brown University"
"Angela","Wong","Berkeley California United States","https://linkedin.com/in/angela-grace-wong","aywong@yahoo.com","Deliverable","angela.wong@includedhealth.com","Risky","4157538327","","Software Engineer","Included Health","University of California, Berkeley"
"Molly","Higgins","San Francisco California United States","https://linkedin.com/in/mffhiggins","mffhiggins@gmail.com","Deliverable","molly.higgins@checkr.com","Deliverable","+19735577768","https://github.com/mfhiggs121","Software Developer","Checkr Inc.","Cornell University, Montclair High School"
"Alexandra","Porter","Palo Alto California United States","https://linkedin.com/in/alexandra-porter-b75a078b","amporter@stanford.edu","Unknown","alexandra@kumo.ai","Deliverable","2818967372","","Founding Engineer","Kumo.ai","Stanford University, Arizona State University"
"Emily","NA","San Francisco California United States","https://linkedin.com/in/emilyhna","nhj821@gmail.com","Deliverable","","","","","Software Engineer","Yugabyte","University of Waterloo"
"Vera","Liu","Berkeley California United States","https://linkedin.com/in/vera-liu-35086b83","","","vera.liu@newfront.com","Risky","+15105019382","","Senior Software Engineer","Newfront","University of California, Berkeley, Simon Fraser University, Zhejiang University"
"Lauren","Zhu","San Francisco California United States","https://linkedin.com/in/laurenzhu","laurenzhu@gmail.com","Deliverable","lauren@glean.com","Deliverable","+16507930978","","Senior Software Engineer","Glean","Stanford University, Stanford University, San Diego State University, Torrey Pines High School"
"Susan","Zhang","San Francisco California United States","https://linkedin.com/in/susan-zhang-0622a64a","susanzhang93@yahoo.com","Deliverable","","","+19196997358","","Software Engineer","Waymo","Duke University, Skyline High School"
"Amy","Kang","San Francisco California United States","https://linkedin.com/in/kangamy","akamy7@gmail.com","Deliverable","amy@enablemedicine.com","Deliverable","+14097671540","","Software Engineer","Enable Medicine","Harvard University, ST. John's School"
"Ankita","Shankar","San Francisco California United States","https://linkedin.com/in/ankita-shankar","sachet-doorway-03@icloud.com","Deliverable","ashankar@sigmacomputing.io","Risky","","","Software Engineer","Sigma Computing","Columbia University, Indian Institute of Technology, Bhu, Public School, Darbhanga, D.A.V. Public School, Muzaffarpur"
"Michelle","Nguyen","San Francisco California United States","https://linkedin.com/in/michelle-nguyen-82736762","mtknguyen@gmail.com","Deliverable","mnguyen@pixie-services.com","Undeliverable","+14156406272","","Founding Engineer","Pixie","University of California, Berkeley, University of California, Berkeley, James Logan High School"
"Vanessa","Wu","San Francisco California United States","https://linkedin.com/in/vanessa-wu-9a397b105","vanessawuhoo@gmail.com","Deliverable","vanessa.wu@reddit.com","Risky","+14154719912","","Senior Software Engineer","Reddit Inc.","Duke University, Apex High School"
"Archita","Jain","San Francisco California United States","https://linkedin.com/in/jainarchita","archanaj01@yahoo.com","Deliverable","archita@expedera.com","Risky","510-220-8174","","Software Engineer","Expedera Inc.","Georgia Institute of Technology, University of California, Berkeley, University of California, Berkeley, Foothill College, University of California, Lynbrook High School"
"Michelle","Dang","New York New York United States","https://linkedin.com/in/dang-michelle","michelledang3929@gmail.com","Deliverable","dang@seatgeek.com","Risky","","","Software Engineer","Seatgeek","University of Waterloo, M. M. Robinson High School"
"Neena","Dugar","New York New York United States","https://linkedin.com/in/ndugar","neenadugar@gmail.com","Deliverable","ndugar@lightstep.com","Unknown","+44 7702 151863","","Staff Software Engineer","Lightstep","Massachusetts Institute of Technology, Wakefield Girls' High School"
"Sylvie","Lee","San Francisco California United States","https://linkedin.com/in/sylvie-lee-9a1800131","sylvienlee@gmail.com","Deliverable","sylvie@descript.com","Deliverable","+14127158360","","Software Engineer","Descript","Massachusetts Institute of Technology, Shady Side Academy"
"Nina","Ray","San Francisco California United States","https://linkedin.com/in/nina-ray-261664105","ninaray360@gmail.com","Deliverable","nina@datavant.com","Risky","+18177091956","https://github.com/ninaray","Software Engineer","Datavant","Cornell University, Bridgewater - Raritan High School"
"Megha","Jhunjhunwala","Mountain View California United States","https://linkedin.com/in/megha-jhunjhunwala","jjwmegha@gmail.com","Deliverable","megha@glean.com","Undeliverable","","","Software Engineer","Glean","Stanford University, Stanford University, Indian Institute of Technology Kharagpur, ST. Agnes' Convent School, Vibrant Academy,kota"
"Alma","Wang","New York New York United States","https://linkedin.com/in/alma-wang","almawang96@gmail.com","Deliverable","alma@notion.so","Error","+15163955038","","Software Engineer","Notion","Dartmouth College, Bocconi University, Plainview - Old Bethpage John F. Kennedy High School"
"Christina","Lin","San Francisco California United States","https://linkedin.com/in/cylin1","christine.dolphingirl@gmail.com","Deliverable","","","","","Software Engineer","Notion","Stanford University, The University of Edinburgh, N/A, Lynbrook High School"
"Nicole","Pan","New York New York United States","https://linkedin.com/in/nicole-pan1","nicole.pan1127@gmail.com","Deliverable","nicole@assembled.com","Risky","+16312490896","","Software Engineer","Assembled","Massachusetts Institute of Technology, Mountain View High School"
"Erica","Jacobs","San Francisco California United States","https://linkedin.com/in/erica-jacobs-764157103","","","ericajacobs@trulywireless.com","Undeliverable","","","Software Developer","Truly.co","University of Pennsylvania"
"Ellen","Finch","New York New York United States","https://linkedin.com/in/ellen-finch-b46a52bb","eyfinch@gmail.com","Deliverable","ellen@vanta.com","Risky","4154428400","","Software Engineer","Vanta","Massachusetts Institute of Technology, Massachusetts Institute of Technology"
"Nicole","Petrozzo","New York New York United States","https://linkedin.com/in/npetrozzo","nicolepetrozzo@gmail.com","Deliverable","nicole.petrozzo@negotiatus.com","Risky","+16466657383","","Software Engineer II","Order.co","BRYN Mawr College, Columbia University"
"Xinyu","Lin","San Francisco California United States","https://linkedin.com/in/xinyu-lin-a17813178","johnxinyu123@gmail.com","Deliverable","xinyu.lin@fortanix.com","Deliverable","+18604710056","","Software Engineer","Fortanix","University of California, Berkeley, Mission College, University of California, Berkeley"
"Kati","Hsu","Parsippany New Jersey United States","https://linkedin.com/in/kati-hsu","katihsu@gmail.com","Deliverable","kati.hsu@actioniq.com","Deliverable","973-572-7973","","Software Engineer","Actioniq","Cornell University, Cornell University, Parsippany High School"
"Alison","Dowski","Berkeley California United States","https://linkedin.com/in/alison-dowski","alisondowski@gmail.com","Deliverable","","","+19735704366","","Software Engineer","One.app","University of California, Berkeley, Phillips Exeter Academy"
"Vivian","Huang","San Francisco California United States","https://linkedin.com/in/vivian-j-huang","vivian7709@gmail.com","Deliverable","vhuang@waymo.com","Risky","(617) 953-0802","","Software Engineer","Waymo","Massachusetts Institute of Technology, Massachusetts Institute of Technology, South Burlington High School"
"Sophia","","San Francisco California United States","https://linkedin.com/in/sophia-c-8677ba104","sophiacoplin@gmail.com","Deliverable","","","","","Software Engineer","Voltus","Caltech, Wood River High School"
"Anoosha","Sagar","Sunnyvale California United States","https://linkedin.com/in/anoosha-sagar","anooshasagar@gmail.com","Deliverable","anooshasagar@waymo.com","Risky","","","Software Engineer","Waymo","Ucla, Vivekanand Education Society's Institute of Technology, Pace Junior Science College, Powai, Kendriya Vidyalaya"
"Adriana","Rotaru","South San Francisco California United States","https://linkedin.com/in/adriana-galer-rotaru-395490163","rotaruadriana172@gmail.com","Deliverable","adriana_rotaru@flyzipline.com","Undeliverable","","","Software Engineer - Spatial Planning","Zipline","Harvard University, Harvard University"
"Xixia","Wang","Oakland California United States","https://linkedin.com/in/xixwang","snarkified.musings@gmail.com","Deliverable","xixia@whatnot.com","Risky","+14127288445","https://github.com/zephia","Staff Software Engineer","Whatnot","Princeton University, Princeton University, MT. Lebanon High School"
"Mimi","Lee","San Francisco California United States","https://linkedin.com/in/leemimi","mimslee32@gmail.com","Deliverable","mimi@affinity.co","Risky","+19088940477","https://github.com/mimslee32","Software Engineer","Affinity.co","Cornell University, Bridgewater - Raritan Regional High School, Bridgewater - Raritan High School"
"Sarah","Lim","San Francisco California United States","https://linkedin.com/in/sarahclim","slimlim@gmail.com","Deliverable","slim@notion.so","Error","425-647-0522","","Software Engineer","Khan Academy","Northwestern University, Bellevue College, Interlake High School"
"Faith","Szeto","New York New York United States","https://linkedin.com/in/faithszeto","faithszeto@gmail.com","Deliverable","faith@mux.com","Deliverable","732-882-9910","","Senior Software Engineer","Mux","University of California, Berkeley"
"Stephanie","Ahart","Pleasanton California United States","https://linkedin.com/in/stephahart","stephanierahart@gmail.com","Deliverable","","","+12019560591","https://github.com/sra57","Founding Engineer","Coactive AI","Cornell University, Mahwah High School"
"Lillian","Soto","New York New York United States","https://linkedin.com/in/lillian-soto-happy-in-it","yaktac@yahoo.com","Undeliverable","lilliansoto@ibm.com","Risky","(509) 969-0656","","Software Engineer","Ibm","Stanford University"
"Angela","","San Francisco California United States","https://linkedin.com/in/angelaywuu","yuwanish@gmail.com","Deliverable","","","","","Senior Software Engineer","Waymo","University of Chicago, Swarthmore College, University of Chicago"
"Anna","Yan","New York New York United States","https://linkedin.com/in/annayan1","zimoyan2@gmail.com","Undeliverable","","","","https://github.com/yanzimo","Software Engineer","Shortcut","Fei Tian College at Middletown, N/A, Harvard University, Johns Hopkins University, Johns Hopkins University, The Johns Hopkins University - Carey Business School, University of Illinois Urbana - Champaign"
"Amanda","Lee","Mountain View California United States","https://linkedin.com/in/amanda-lee-yue-ping","beamsderfer85@yahoo.com","Deliverable","amanda@ready.net","Deliverable","","","Software Engineer","Ready.net","Tsinghua University, N/A, Yale University, Taylor's College"
"Aviva","Mael","Lawrence New York United States","https://linkedin.com/in/aviva-mael","avivamael@gmail.com","Deliverable","aviva@archiveresale.com","Undeliverable","+15167700886","","Founding Engineer","Archive","Barnard College, Columbia University"
"Sharie","Wang","San Francisco California United States","https://linkedin.com/in/shariewang","sharberry98@gmail.com","Deliverable","shariewang@waymo.com","Risky","+19092749612","","Software Engineer","Waymo","University of California, Berkeley, Duke - Nus Medical School, University of California, Troy High School"
"Alice","Song","New York New York United States","https://linkedin.com/in/alice-song","alice5854@gmail.com","Deliverable","alice.song@ibm.com","Risky","+19095686686","","Crypto Software Engineer","Ibm","Cornell Tech, Cornell University, Arlington High School"
"Rachael","Morton","San Francisco California United States","https://linkedin.com/in/rachael-j-morton","mortonrjt@gmail.com","Deliverable","rachael.morton@reddit.com","Risky","+15139399675","https://github.com/mortonrj","Senior Software Engineer","Reddit Inc.","Caltech, Miami University, Talawanda High School"
"Alexandra","Medway","New York New York United States","https://linkedin.com/in/alexandra-medway-5450a59a","alexandra@royalcap.com","Risky","alexandra.medway@thebrowser.company","Risky","+19146298464","https://github.com/alexandramedway","Software Engineer","The Browser Company","Columbia College, Columbia University, Horace Greeley High School"
"Stephanie","Shum","New York New York United States","https://linkedin.com/in/stephanie-shum","stephanie.h.shum@gmail.com","Deliverable","","","","https://github.com/stephshum","Software Developer","Ibm","Cornell University, Cornell University, Roy C. Ketcham High School"
"Sarah","Wardles","West Orange New Jersey United States","https://linkedin.com/in/sarahwardles","sarahwardles@gmail.com","Deliverable","sarah.wardles@ibm.com","Risky","9737313387","","Software Support Developer","Ibm","Nyu Tandon School of Engineering, New York University, Princeton University, West Orange High School"
"Jennifer","","New York New York United States","https://linkedin.com/in/jenniferzlu","jenniferzlu@gmail.com","Deliverable","","","","","Software Engineer","Flatiron Health","University of California, Berkeley"
"Isabella","Kurnia","San Francisco California United States","https://linkedin.com/in/isabella-kurnia","isabellakurnia@gmail.com","Deliverable","","","","","Software Engineer","Volley","University of California, Berkeley, Diablo Valley College"
"Roshini","Ravi","San Francisco California United States","https://linkedin.com/in/roshini-ravi-202006","roshiniivar@gmail.com","Deliverable","","","+16616637235","","Software Engineer","Forward","Stanford University, Stanford University, Stockdale High School"
"Tonye","Brown","New York New York United States","https://linkedin.com/in/tonyebrown","tonye96@gmail.com","Deliverable","tbrown@nianticlabs.com","Deliverable","+18133256076","","Senior Software Engineer","Niantic Inc.","Columbia University"
"Jacqueline","Garcia","Berkeley California United States","https://linkedin.com/in/jacqueuqcaj","jackieg.2008@yahoo.com","Deliverable","","","","","Senior Software Engineer","Circleci","University of California, Berkeley, Compton Senior High School"
"Bhavna","","Cupertino California United States","https://linkedin.com/in/bhavna-s-43547b119","bhavnasmile1@gmail.com","Deliverable","","","","","Software Engineer","Verkada","UC Berkeley College of Engineering, Stanford University, Monta Vista High School"
"Victoria","Park","New York New York United States","https://linkedin.com/in/victoria--park","","","victoria.park@checkr.com","Deliverable","+19176902753","","Software Engineer","Checkr Inc.","University of California, Berkeley"
"Catherine","Chi","San Francisco California United States","https://linkedin.com/in/catherine-chi-7a6ab5176","catherine_chi@yahoo.com","Deliverable","","","408-506-9846","","Senior Software Engineer","Reddit Inc.","University of California, Berkeley"
"Joanna","Lew","San Francisco California United States","https://linkedin.com/in/joannalew","","","jlew@singlestore.com","Risky","4159395098","","Senior Software Engineer","Singlestore","Oregon State University, Ucla, Georgia Institute of Technology"
"Riddhima","Narravula","Cupertino California United States","https://linkedin.com/in/rnarravula","riddhimanarravula@gmail.com","Deliverable","riddhima@glean.com","Undeliverable","+14082195196","","Software Engineer","Glean","Columbia University, Cornell University, Monta Vista High School"